-- MySQL dump 10.13  Distrib 5.6.25, for osx10.8 (x86_64)
--
-- Host: localhost    Database: ajaxtown
-- ------------------------------------------------------
-- Server version	5.6.25

/*!40101 SET @OLD_CHARACTER_SET_CLIENT=@@CHARACTER_SET_CLIENT */;
/*!40101 SET @OLD_CHARACTER_SET_RESULTS=@@CHARACTER_SET_RESULTS */;
/*!40101 SET @OLD_COLLATION_CONNECTION=@@COLLATION_CONNECTION */;
/*!40101 SET NAMES utf8 */;
/*!40103 SET @OLD_TIME_ZONE=@@TIME_ZONE */;
/*!40103 SET TIME_ZONE='+00:00' */;
/*!40014 SET @OLD_UNIQUE_CHECKS=@@UNIQUE_CHECKS, UNIQUE_CHECKS=0 */;
/*!40014 SET @OLD_FOREIGN_KEY_CHECKS=@@FOREIGN_KEY_CHECKS, FOREIGN_KEY_CHECKS=0 */;
/*!40101 SET @OLD_SQL_MODE=@@SQL_MODE, SQL_MODE='NO_AUTO_VALUE_ON_ZERO' */;
/*!40111 SET @OLD_SQL_NOTES=@@SQL_NOTES, SQL_NOTES=0 */;

--
-- Current Database: `ajaxtown`
--

CREATE DATABASE /*!32312 IF NOT EXISTS*/ `ajaxtown` /*!40100 DEFAULT CHARACTER SET latin1 */;

USE `ajaxtown`;

--
-- Table structure for table `categories`
--

DROP TABLE IF EXISTS `categories`;
/*!40101 SET @saved_cs_client     = @@character_set_client */;
/*!40101 SET character_set_client = utf8 */;
CREATE TABLE `categories` (
  `id` int(11) unsigned NOT NULL AUTO_INCREMENT,
  `post_id` int(11) DEFAULT NULL,
  `category` varchar(20) DEFAULT NULL,
  PRIMARY KEY (`id`)
) ENGINE=InnoDB AUTO_INCREMENT=95 DEFAULT CHARSET=latin1;
/*!40101 SET character_set_client = @saved_cs_client */;

--
-- Dumping data for table `categories`
--

LOCK TABLES `categories` WRITE;
/*!40000 ALTER TABLE `categories` DISABLE KEYS */;
INSERT INTO `categories` VALUES (10,8,'Projects'),(20,16,'Projects'),(25,15,'General'),(30,9,'General'),(31,9,'Tutorial'),(32,6,'General'),(35,3,'General'),(44,1,'General'),(45,1,'Projects'),(46,1,'Theme Development'),(50,19,'asdfasdf'),(67,16,'Projects'),(70,12,'Projects'),(72,11,'General'),(73,14,'Projects'),(74,17,'Projects'),(75,10,'General'),(76,10,'Tutorial'),(79,7,'Project'),(81,13,'Projects'),(82,18,'Projects'),(83,5,'Projects'),(84,20,'Page'),(85,4,'General'),(90,2,'General'),(91,2,'Tutorial'),(94,21,'aaa');
/*!40000 ALTER TABLE `categories` ENABLE KEYS */;
UNLOCK TABLES;

--
-- Table structure for table `chat`
--

DROP TABLE IF EXISTS `chat`;
/*!40101 SET @saved_cs_client     = @@character_set_client */;
/*!40101 SET character_set_client = utf8 */;
CREATE TABLE `chat` (
  `id` int(11) unsigned NOT NULL AUTO_INCREMENT,
  `uname` varchar(100) DEFAULT NULL,
  `message` varchar(400) DEFAULT NULL,
  `date` datetime DEFAULT NULL,
  `ip` varchar(20) DEFAULT NULL,
  PRIMARY KEY (`id`)
) ENGINE=InnoDB DEFAULT CHARSET=latin1;
/*!40101 SET character_set_client = @saved_cs_client */;

--
-- Dumping data for table `chat`
--

LOCK TABLES `chat` WRITE;
/*!40000 ALTER TABLE `chat` DISABLE KEYS */;
/*!40000 ALTER TABLE `chat` ENABLE KEYS */;
UNLOCK TABLES;

--
-- Table structure for table `comments`
--

DROP TABLE IF EXISTS `comments`;
/*!40101 SET @saved_cs_client     = @@character_set_client */;
/*!40101 SET character_set_client = utf8 */;
CREATE TABLE `comments` (
  `id` int(11) unsigned NOT NULL AUTO_INCREMENT,
  `post_id` int(11) DEFAULT NULL,
  `body` varchar(500) DEFAULT NULL,
  `name` varchar(50) DEFAULT NULL,
  `email` varchar(100) DEFAULT NULL,
  `pub_date` datetime DEFAULT NULL,
  `ip` varchar(20) DEFAULT NULL,
  PRIMARY KEY (`id`)
) ENGINE=InnoDB AUTO_INCREMENT=58447 DEFAULT CHARSET=latin1;
/*!40101 SET character_set_client = @saved_cs_client */;

--
-- Dumping data for table `comments`
--

LOCK TABLES `comments` WRITE;
/*!40000 ALTER TABLE `comments` DISABLE KEYS */;
INSERT INTO `comments` VALUES (26,2,'Test comment','Abhi','abhisheksaha11@gmail.com','2015-09-23 04:12:01','::1'),(27,2,'Test comment','Abhi','abhisheksaha11@gmail.com','2015-09-23 04:14:13','::1'),(28,2,'Test comment','Abhi','abhisheksaha11@gmail.com','2015-09-23 04:15:54','::1'),(29,2,'Test comment','Abhi','abhisheksaha11@gmail.com','2015-09-23 04:17:15','::1'),(30,2,'this is atewt','fsas','abhisheksaha11@gmail.com','2015-09-23 04:18:16','::1'),(31,2,'fasdfasf','dsfasdf','abhisheksaha11@gmail.com','2015-09-23 04:19:35','::1'),(32,2,'mmm','anand.saha','abhisheksaha11@gmail.com','2015-09-23 04:21:04','::1'),(33,2,'dmdmdmdmd','ddd','ddddd@aaa.com','2016-04-25 05:47:04','::1'),(58441,2,'esaaefaef','teste','fsdfsd@sfsdfsfd.com','2016-04-25 06:04:14','::1'),(58442,2,'ajajaj','dick001','jaja@akak.com','2016-04-25 06:06:37','::1'),(58443,21,'this is a test','name','abhi@gmail.com','2016-05-02 04:58:23','::1'),(58444,21,'great','ajaxtown.com','abhi@gmail.com','2016-05-02 05:02:27','::1'),(58445,21,'dddd','ddd','abhi@gmail.com','2016-05-02 05:05:56','::1'),(58446,21,'ddddd','name','abhi@gmail.com','2016-05-02 05:06:50','::1');
/*!40000 ALTER TABLE `comments` ENABLE KEYS */;
UNLOCK TABLES;

--
-- Table structure for table `posts`
--

DROP TABLE IF EXISTS `posts`;
/*!40101 SET @saved_cs_client     = @@character_set_client */;
/*!40101 SET character_set_client = utf8 */;
CREATE TABLE `posts` (
  `id` int(11) unsigned NOT NULL AUTO_INCREMENT,
  `title` varchar(100) DEFAULT '',
  `body` longtext,
  `pub_date` datetime NOT NULL,
  `author` varchar(30) DEFAULT '',
  `active` tinyint(1) DEFAULT '1',
  `permalink` varchar(300) DEFAULT '',
  `cover_pic` text,
  `views` int(10) DEFAULT '0',
  `description` varchar(500) DEFAULT NULL,
  `type` varchar(20) DEFAULT NULL,
  PRIMARY KEY (`id`)
) ENGINE=InnoDB AUTO_INCREMENT=22 DEFAULT CHARSET=latin1;
/*!40101 SET character_set_client = @saved_cs_client */;

--
-- Dumping data for table `posts`
--

LOCK TABLES `posts` WRITE;
/*!40000 ALTER TABLE `posts` DISABLE KEYS */;
INSERT INTO `posts` VALUES (1,'Cliptales wordpress theme for cliptales.com','<p>Couple of weeks back, I got an awesome requirement from my brother(Anand Saha) of building a web application which will be used to personalize the way images are displayed. This is what we came up with <a href=\"http://cliptales.com\" target=\"_blank\">http://cliptales.com.</a></p>\r\n\r\n<p>Don&rsquo;t we have many of them ?</p>\r\n\r\n<p>Actually no. The intention was to pull to images from Instagram and sync it with wordpress database. There are plugins available which can do this but they have the below limitations.</p>\r\n\r\n<ul>\r\n	<li>If the images are being pulled by ajax, they will never be seen by crawlers and so no SEO.</li>\r\n	<li>If they are being pulled by php/ajax, all image items, comments, likes will be linked to instagram. I wanted to retain the visitors and not redirect them.</li>\r\n	<li>No search/filter/sorting options.</li>\r\n	<li>Each image cannot have there independent page. They will always be displayed in a grid in one page.</li>\r\n	<li>No way to publish to other social networks where your site will be highlighted.</li>\r\n	<li>Doesn&rsquo;t provide a rich experience to mobile users.</li>\r\n</ul>\r\n\r\n<p>So I decided to create a cliptales theme from scratch that will have all the options and which will be pretty optimized and responsive.</p>\r\n\r\n<p>Cliptales solves all the above issues. It is capable to do an optimized sync within few seconds.</p>\r\n\r\n<p>How does the theme sync with Instagram ?</p>\r\n\r\n<p>The Instagram is very interesting but at the same time it can make you insane. Instagram doesn&rsquo;t provide you with all images of a user in one go. It provides you 20 per request and along with that, it gives you a link with which you can fetch the next 20 and so on. This array of image items are looped and filtered by the special tag. We didn&rsquo;t want to sync all the images. So we decided to add a predefined tag <code>#instasync</code> only to those images which we wanted to display on the site.</p>\r\n\r\n<p>At the first sync, this filtered array is inserted in wpdb.</p>\r\n\r\n<p>During the subsequent syncs, the instagram images are fetched first and are compared with the existing posts. If there is any change in tags or caption then they get updated. The code here is highly optimized and the sync usually takes less then a sec.</p>\r\n\r\n<p>However, we are not downloading the images during the sync but save the urls of the images. We wanted to save the cdn cost. <img alt=\":)\" src=\"http://www.ajaxtown.com/wp-includes/images/smilies/simple-smile.png\" style=\"height:1em\" /></p>\r\n\r\n<p>What about the titles ?</p>\r\n\r\n<p>Yes, we had this issue. Instagram doesn&rsquo;t allow you to upload a title. So we decided to add another special tag, <code>#title_{CUSTOM_TITLE}</code>. During the sync process, it extracts the title from this tag and makes this the title of the post.</p>\r\n\r\n<p>Doesn&rsquo;t the theme have a different posttype ?</p>\r\n\r\n<p>Yes, the posttype is <code>instapost</code>. We wanted to differentiate the instagram posts with the regular posts. The tags and categories for this is posttype are <code>itags</code> and <code>icategories</code>.</p>\r\n\r\n<p>Is the theme customizable ?</p>\r\n\r\n<p>What ? You asking me, do the birds fly ? The theme is highly customizable. Every part of the theme can be modified from the admin panel.</p>\r\n\r\n<p>What are the tools used ?</p>\r\n\r\n<p>Grunt, Bower, Git, PhpStorm, Photoshop</p>\r\n\r\n<p>Overall this was an exciting project to work on. The mobile view has a very nice experience. The sidebar doesn&rsquo;t go below the content like in most responsive website. Instead the main content can can swiped left, to get the sidebar. I am thinking to releasing a free and pro version of this theme. Any thoughts on this ?</p>\r\n\r\n<p>&nbsp;</p>\r\n','2015-05-21 01:32:58','Abhishek Saha',1,'/project/cliptales-wordpress-theme-for-cliptales-com','{\"thumbnail\":\"\",\"normal\":\"\",\"resized\":\"\"}',0,'Cliptales is a wordpress theme integrated with Instagram. It uses the Instagram API for getting latest updates/changes and updates wordpress.','project'),(2,'Mysql sorting on multiple columns with IF-ELSE','<p>Recenty, I faced a scenario where I wanted to sort the rows of a mysql table in decending order based on two columns. My mysql table looked like this.&nbsp;Over here,&nbsp;<code>end_no</code>&nbsp;cannot be greater than&nbsp;<code>start_no</code>.</p>\r\n\r\n<pre>\r\n<code class=\"language-sql\">mysql&gt; SELECT * FROM users2;\r\n\r\n+----+----------+--------+\r\n| id | start_no | end_no |\r\n+----+----------+--------+\r\n|  1 |        1 |   NULL |\r\n|  2 |        5 |   NULL |\r\n|  3 |        8 |      3 |\r\n|  4 |        7 |      4 |\r\n+----+----------+--------+\r\n4 rows in set (0.00 sec)</code></pre>\r\n\r\n<p>I wanted to sorted this table based on&nbsp;the below conditions:</p>\r\n\r\n<ul>\r\n	<li>If&nbsp;<code>end_no</code>&nbsp;is null, then&nbsp;<code>start_no</code>&nbsp;should be considered.</li>\r\n	<li>If&nbsp;<code>end_no</code>&nbsp;is not null, then&nbsp;<code>end_no</code>&nbsp;should be considered.</li>\r\n	<li>Based on the above two conditions, my table should be sorted in descending order.</li>\r\n</ul>\r\n\r\n<p>I am expecting the resultset to be this:</p>\r\n\r\n<pre>\r\n<code class=\"language-sql\">+----+----------+--------+\r\n| id | start_no | end_no |\r\n+----+----------+--------+\r\n|  2 |        5 |   NULL | =&gt; 5\r\n|  4 |        7 |      4 | =&gt; 4\r\n|  3 |        8 |      3 | =&gt; 3\r\n|  1 |        1 |   NULL | =&gt; 1\r\n+----+----------+--------+</code></pre>\r\n\r\n<p>So I tried the below queries:</p>\r\n\r\n<p>&nbsp;</p>\r\n\r\n<pre>\r\n<code class=\"language-sql\">mysql&gt; SELECT * FROM users2 \r\n        ORDER BY start_no DESC, end_no DESC;\r\n\r\n+----+----------+--------+\r\n| id | start_no | end_no |\r\n+----+----------+--------+\r\n|  3 |        8 |      3 |\r\n|  4 |        7 |      4 |\r\n|  2 |        5 |   NULL |\r\n|  1 |        1 |   NULL |\r\n+----+----------+--------+\r\n4 rows in set (0.00 sec)</code></pre>\r\n\r\n<p>I also tried using&nbsp;<code>GREATEST</code>,&nbsp;<code>LEAST</code>&nbsp;but nothing worked.</p>\r\n\r\n<p>Finally the one that worked for me was this:</p>\r\n\r\n<pre>\r\n<code class=\"language-sql\">mysql&gt; SELECT *,IF( end_no IS NULL, start_no, end_no) AS nums \r\n           FROM `users2` \r\n           ORDER BY nums DESC;\r\n\r\n+----+----------+--------+------+\r\n| id | start_no | end_no | nums |\r\n+----+----------+--------+------+\r\n|  2 |        5 |   NULL |    5 |\r\n|  4 |        7 |      4 |    4 |\r\n|  3 |        8 |      3 |    3 |\r\n|  1 |        1 |   NULL |    1 |\r\n+----+----------+--------+------+\r\n4 rows in set (0.00 sec)</code></pre>\r\n\r\n<p>In the above mysql query, the if else condition works like this:</p>\r\n\r\n<p><code>IF(condition, true,false)</code></p>\r\n\r\n<p>Conditions in mysql are great way of sorting your data but this really depends on scenarios. Most of the scenarios can be covered by sorting on one column and for that we need a simple&nbsp;<code>ORDER BY COLUMN</code>. But for complex sorting scenarios, conditions are the way to go.</p>\r\n\r\n<p>&nbsp;</p>\r\n','2015-02-25 08:51:06','Abhishek Saha',1,'/article/mysql-sorting-on-multiple-columns-with-if-else','{\"thumbnail\":\"\",\"normal\":\"\",\"resized\":\"\"}',0,'How would you sort the rows of a mysql table in decending order based on two columns ? This post covers the use of condition based statements using if-else for writing queries.','article'),(3,'Goals are evil','<p>This writeup is my own opinion and has no intent to discourage motivational writers.</p>\r\n\r\n<p>Its been close to 12&nbsp;years that i have been on the internet world and have learnt a lot from it. I actually wasn&rsquo;t on a &nbsp;mission to learn, but my interests quite nicely got synced up in the technogical part. I always liked the idea of building something with freedom. And this thought drove me to those areas where&nbsp;I never had a thought I would be a part of. I never had any long term goals.</p>\r\n\r\n<blockquote>\r\n<p>Defination Goal:&nbsp;A <em>goal</em> is a desired result that a person or a system envisions, plans and commits to achieve.</p>\r\n</blockquote>\r\n\r\n<p>By def. goal looks like a very organised way to reach a point. So, why are goals evil ?</p>\r\n\r\n<p>Hmm. What is the success rate of goals ? Isnt that undefined ? But it depends on factors like consistenacy, interest, will-power, ambition, patience etc. What if you get deflected due to a good opportunity. When one of your goal fails, the others diminish with that. And do you consider the amount of stress you go through&nbsp;if the goals dont match your interest ? Sleep dont come cheap.</p>\r\n\r\n<p>So what is the alternative ?&nbsp;Let go.</p>\r\n\r\n<p>Focus more on your present and learn something new. I always had short-term missions and I could achieve them as&nbsp;they were on the line of my interest. I get easily lured to try a new library or a framework or a tool that comes up. I trust the fact that interests are much wiser than setting goals. Life is random and is full of surprises. Its impossible to plan and execute every detail. Stress is obvious. So far I was successful to put&nbsp;stress as an excuse for my other activities, but it didnt&nbsp;serve&nbsp;a purpose. I have not been able to overcome stress but I no more think of it.</p>\r\n\r\n<blockquote>\r\n<p>We must let go of the life we have planned, so as to accept the one that is waiting for us.</p>\r\n\r\n<p>&ndash;&nbsp;Campbell</p>\r\n</blockquote>\r\n','2015-02-20 09:00:44','Abhishek Saha',1,'/article/goals-are-evil','{\"thumbnail\":\"\",\"normal\":\"\",\"resized\":\"\"}',0,'My views on why goals never work. This might not be valid for everybody but I thought of writing up my opinion. Goals causes stress and this lowers my efficiency.','article'),(4,'Ad-sense account reactivated','<p>7 years back, i had used Google Adsense for one of my website. The website was meant to give information about operating systems. Although there wasn&rsquo;t much traffic, but it was progressing good. I also did social sharing, which helped to get some traffic. Just after 2 weeks, i started generating revenue. Each day i was getting close to 0.8 dollars approx. This was going well for me and my revenue reached to 84 dollars in 3 months. Google pays, once you earn 100 dollars and I was close. But things went down when i received this email.</p>\r\n\r\n<blockquote>\r\n<p><em>It has come to our attention that invalid clicks and/or impressions&nbsp;</em><em>have been generated on the Google ads displayed on your site(s).&nbsp;</em><em>Therefore, we have disabled your Google AdSense account. Please&nbsp;</em><em>understand that this was a necessary step in order to protect the&nbsp;</em><em>interests of AdWords advertisers.</em></p>\r\n\r\n<p><em>As you may know, a publisher&rsquo;s site may not have invalid clicks or&nbsp;</em><em>impressions on any ad(s), including but not limited to clicks and/or&nbsp;</em><em>impressions generated by:</em></p>\r\n\r\n<p><em>&ndash; a publisher on his own web pages</em><br />\r\n<em>&ndash; a publisher encouraging other users to click on his/her ads</em><br />\r\n<em>&ndash; automated clicking or surfing programmes, or any other deceptive&nbsp;</em><em>software</em><br />\r\n<em>&ndash; a publisher altering any portion of the ad code or changing the&nbsp;</em><em>layout, behaviour, targeting or delivery of ads for any reason</em></p>\r\n\r\n<p><em>These or any other such activities that violate Google AdSense Terms&nbsp;</em><em>and Conditions and programme polices may have led us to disable your&nbsp;</em><em>account.</em></p>\r\n</blockquote>\r\n\r\n<p>That email was an eye opener. I realised what happened. My system was always connected to a network and sometimes i would access some other computer and click my ad. Also few friends from my office knew this and even they started clicking those ads.</p>\r\n\r\n<p>Google not only keeps &nbsp;track on the ip but also traces and keeps track of the users activities. For example, i use a proxy and click on my ads. At this point Google might not have any idea about my identity. But Google does monitor requests from this IP. So if i am surfing the web and i click an ad which is a Real Estate ad, Google predicts if i was really searching for Real Estate and what i did after clicking that ad. It monitors everything.</p>\r\n\r\n<p>A year back, i requested Google to re-activate my google adsense account and i told what what i did honestly. Google replied that they have gone through my appeal and checked my history but to protect the advertisers, they cannot reactivate my account. They also replied further appeals wont be accepted.</p>\r\n\r\n<p>I never wanted to use another email id to create adsense. So i tried using services from other ad providers. But they really dont work. They might if you can be smart and if your content is niche but in my case, it didn&rsquo;t work.</p>\r\n\r\n<p>I had started publishing youtube videos(technical demos) and i was banned from displaying&nbsp;ads. A week back, i again sent a request to Google and explained my scenario. And to my surprise, yesterday Google emailed me this.</p>\r\n\r\n<blockquote>\r\n<p><em>Hello,</em></p>\r\n\r\n<p><em>Thank you for clarifying your situation. We have reviewed your appeal and have reinstated your account, effective immediately. There will be a delay of up to 48 hours before ads start displaying on your site(s), mobile app(s), or YouTube channel(s) again.</em></p>\r\n\r\n<p><em>We recommend that you read the following guidelines which will be useful in preventing invalid activity in the future:</em></p>\r\n\r\n<p><em>It is against our program policies for publishers to click on their own ads or to encourage others to do so. In addition, the use of automated techniques to generate clicks, such as robots or scripts, is prohibited. For YouTube publishers, when viewing your videos, you must skip the ad so that advertiser costs are not artificially inflated unintentionally. For AdMob publishers, when testing your mobile app, you must enable test ads in order to avoid generating invalid clicks.</em></p>\r\n\r\n<p><em>For AdSense placements, use the Google Publisher Toolbar if you want to click an ad to check the landing page or other details . It will allow you to check the destination of ads on your page without the risk of invalid clicks. For AdMob placements, do not click on live ads on your mobile app. Please use test ads (for Android, iOS, or Windows Phone) to avoid generating invalid clicks.</em></p>\r\n\r\n<p><em>Please be assured that we are logging all the clicks, so do not click your ads to make sure the clicks are reported in the Performance reports. However, there may be reasons that you don&rsquo;t see the clicks right away as it may take up to 24 hours to finalize clicks and impressions in your reports.</em><br />\r\n<em>Visit our Ad Traffic Quality Resource Center to learn more about understanding traffic on your site, mobile app, and/or YouTube channel.</em></p>\r\n</blockquote>\r\n\r\n<p>Hurray !</p>\r\n\r\n<p>Moral &ndash; Do not mess with Google. These guys are really smart and they can track every minute thing. I also read that they have technologies which can even detect TOR.</p>\r\n','2014-12-04 11:08:17','Abhishek Saha',1,'/article/ad-sense-account-reactivated','{\"thumbnail\":\"\",\"normal\":\"\",\"resized\":\"\"}',0,'My Adsense account was deactivated for 7 years for invalid click activity. This is a short story on how I got my Google Adsense account reactivated. ','article'),(5,'Eaglehorn','<p>Eaglehorn is an open source, mini Framework used to build dynamic websites. It has been built following all the PSR standards and it uses Composer as a pre-requisite.</p>\r\n\r\n<p>In Eaglehorn, the application layer is separate from the core framework. This not only helps you to install the framework easily but also helps you to update the core independently.</p>\r\n\r\n<p><strong>Related Links:</strong></p>\r\n\r\n<p><a href=\"http://eaglehorn.org\">Eaglehorn Documentation</a></p>\r\n\r\n<p><a href=\"/article/eaglehorn-framework\">Eaglehorn Post</a></p>\r\n\r\n<p><a href=\"https://github.com/ajaxtown/eaglehorn_framework\">Github Framework</a></p>\r\n\r\n<p><a href=\"https://github.com/ajaxtown/eaglehorn\">Github Application</a></p>\r\n\r\n<p>&nbsp;</p>\r\n','2014-11-30 12:03:36','Abhishek Saha',1,'/project/eaglehorn','{\"thumbnail\":\"\",\"normal\":\"\",\"resized\":\"\"}',0,'Eaglehorn is an open source, mini Framework used to build dynamic websites. It has been built following all the PSR standards and it uses Composer as a pre-requisite.\r\n','project'),(6,'Eaglehorn Framework','<p>Eaglehorn is an open source, mini Framework used to build dynamic websites. In Eaglehorn, the application layer is separate from the core framework. This not only helps you to install the framework easily but also helps you to update the core independently.</p>\r\n\r\n<p>It has been built following all the PSR standards and it uses Composer as a pre-requisite. For those, who are unaware of <a href=\"https://getcomposer.org/doc/00-intro.md\" target=\"_blank\">Composer</a>, I strongly recommend them to know this first.</p>\r\n\r\n<p>Composer is a tool for dependency management in PHP. It allows you to declare the dependent libraries your project needs and it will install them in your project for you.</p>\r\n\r\n<p>&nbsp;</p>\r\n\r\n<hr />\r\n<p>Features of Eaglehorn:</p>\r\n\r\n<ul>\r\n	<li>Uses PSR-0, PSR-1, PSR-2, PSR-3 and PSR-4.</li>\r\n	<li>Allows Unit Testing</li>\r\n	<li>Powerful Router to create beautiful URL&rsquo;s. You can also route parameters with wildcards and conditions.</li>\r\n	<li>Template rendering with custom views</li>\r\n	<li>Inbuilt Query debugging</li>\r\n	<li>Uses Dependency Injection</li>\r\n	<li>Error handling and debugging</li>\r\n	<li>Extensive documentation</li>\r\n</ul>\r\n\r\n<p>The code is well commented and if you feel like exploring the code to see how it works, it wont be difficult. The main aim of developing this framework was to make sure it provides solid boost in the development by keeping the framework learning curve low. Its suited for any kind of application, big or small.</p>\r\n\r\n<hr />\r\n<p>How to contribute:</p>\r\n\r\n<p>Eaglehorn provides different features using&nbsp;assemblies and workers.</p>\r\n\r\n<p><strong>Assemblies</strong> are multiple files, grouped inside a folder for doing a specific task. For example, phpMailer, paypal, shopping cart and so on.</p>\r\n\r\n<p><strong>Workers</strong>&nbsp;are single independent&nbsp;files, for doing a specific task. For example, time handling, session handling, pagination&nbsp;&nbsp;and so on.</p>\r\n\r\n<p>You can contribute by forking the project and creating assemblies and workers. The Eaglehorn project is hosted on Github.</p>\r\n\r\n<p>Eaglehorn Application &ndash;&nbsp;<code><a href=\"https://github.com/ajaxtown/eaglehorn\" target=\"_blank\">https://github.com/ajaxtown/eaglehorn</a></code>&nbsp;(Application which uses the framework as a dependency)</p>\r\n\r\n<p>Eaglehorn Framework &ndash;&nbsp;<code><a href=\"https://github.com/ajaxtown/eaglehorn_framework\" target=\"_blank\">https://github.com/ajaxtown/eaglehorn_framework</a></code>&nbsp;(This is the core framework)</p>\r\n\r\n<hr />\r\n<p>Who should use:</p>\r\n\r\n<p>Eaglehorn can be used by anyone who has decent knowledge on OOPS and a good base on PHP. If you have never used a framework, this can be a good start. The concepts are easy and well documented. I am always approachable for feedbacks and suggestions.</p>\r\n\r\n<p>Documentation: <a href=\"http://eaglehorn.org\" target=\"_blank\">http://eaglehorn.org</a></p>\r\n','2014-11-29 04:49:28','Abhishek Saha',1,'/article/eaglehorn-framework','{\"thumbnail\":\"\",\"normal\":\"\",\"resized\":\"\"}',0,'Eaglehorn is an open source, mini Framework used to build dynamic websites. This post talks a bit about the features of Eaglehorn and best practices used.','article'),(7,'WordPress Link Preview like Facebook and LinkedIn','<p>There was quite a few requests on making a plugin for wordpress which would insert excerpts from a link just like how facebook and linkedin does. I had earlier created this as an independent jquery plugin &ndash; <a href=\"/article/facebook-type-link-preview\" target=\"_self\" title=\"Facebook Type Link Preview\">Facebook type link preview</a></p>\r\n\r\n<p>But then it looks like wordpress users really needs this as a WP Plugin &ndash; <a href=\"https://wordpress.org/ideas/topic/auto-generate-facebook-style-link-preview-when-inserting-url-into-editor\" target=\"_blank\" title=\"Wordpress user requests\">https://wordpress.org/ideas/topic/auto-generate-facebook-style-link-preview-when-inserting-url-into-editor</a></p>\r\n\r\n<p>I have developed a basic plugin which does this. I just submitted this to wordpress, but it looks like it will take sometime for the wordpress juries to verify this and make it available.</p>\r\n\r\n<p>However wordpress link preview can be downloaded from here &ndash;</p>\r\n\r\n<p><strong><a href=\"http://www.ajaxtown.com/playground/wp_link_preview/preview.zip\" target=\"_blank\">Download wordpress link preview</a></strong></p>\r\n\r\n<p>Screenshots:</p>\r\n\r\n<p><strong>Click Insert Url</strong></p>\r\n\r\n<hr />\r\n<p><a href=\"/public/uploads/posts/screenshot-11.png\"><img alt=\"\" class=\"aligncenter size-medium wp-image-296\" src=\"/public/uploads/posts/screenshot-11-300x121.png\" style=\"height:121px; width:300px\" /></a></p>\r\n\r\n<p>&nbsp;</p>\r\n\r\n<p><strong>&nbsp;Enter the url</strong></p>\r\n\r\n<hr />\r\n<p><a href=\"/public/uploads/posts/screenshot-21.png\"><img alt=\"\" class=\"aligncenter size-medium wp-image-297\" src=\"/public/uploads/posts/screenshot-21.png\" style=\"height:157px; width:300px\" /></a></p>\r\n\r\n<p>&nbsp;</p>\r\n\r\n<p><strong>&nbsp;Click Ok and wait for 5 seconds. There is no progress bar.</strong></p>\r\n\r\n<hr />\r\n<p><a href=\"/public/uploads/posts/screenshot-31.png\"><img alt=\"\" class=\"aligncenter size-medium wp-image-298\" src=\"/public/uploads/posts/screenshot-31.png\" style=\"height:143px; width:300px\" /></a></p>\r\n\r\n<p>&nbsp;</p>\r\n\r\n<p>&nbsp;<strong>Demo Output &ndash; This is how it looks like.</strong></p>\r\n\r\n<hr />\r\n<p><a href=\"/public/uploads/posts/screenshot-51.png\"><img alt=\"\" class=\"aligncenter size-medium wp-image-300\" src=\"/public/uploads/posts/screenshot-51.png\" style=\"height:289px; width:300px\" /></a></p>\r\n\r\n<p>&nbsp;</p>\r\n\r\n<p><strong>Change the UI with custom css in the admin dashboard.</strong></p>\r\n\r\n<hr />\r\n<p><a href=\"/public/uploads/posts/screenshot-41.png\"><img alt=\"\" class=\"aligncenter size-medium wp-image-299\" src=\"/public/uploads/posts/screenshot-41.png\" style=\"height:216px; width:300px\" /></a></p>\r\n\r\n<p>&nbsp;</p>\r\n','2014-10-02 05:08:51','Abhishek Saha',1,'/project/wordpress-link-preview-like-facebook-and-linkedin','{\"thumbnail\":\"\",\"normal\":\"\",\"resized\":\"\"}',0,'This is a plugin for wordpress, used to show the preview of a link while writing posts. It captures the meta data from the head of any public facing website and creates a preview from it.','project'),(8,'Sync applications with PHP Syncer','<p style=\"text-align: justify;\">We are all aware of Git, the most powerful source code versioning software. It can be used to do lot of stuff including syncing of applications. But when you are looking to sync two identical applications hosted somewhere in godaddy or inmotion hosting, Git is not much useful or you can say it becomes tedious. If your application is enterprise level, then its worth to take this effort.</p>\n<p style=\"text-align: justify;\"> <a href=\"http://www.ajaxtown.com/2014/05/15/sync-applications-with-php-syncer/\" class=\"more-link\">Read more</a></p>\n','2014-05-15 05:08:53','Abhishek Saha',1,'/project/sync-applications-with-php-syncer','{\"thumnail\":\"http://www.ajaxtown.com/wp-content/uploads/2014/05/dependency_injection_ajaxtown1-150x150.png\",\"normal\":\"http://www.ajaxtown.com/wp-content/uploads/2014/05/dependency_injection_ajaxtown1.png\",\"resized\":\"http://www.ajaxtown.com/wp-content/uploads/2014/05/dependency_injection_ajaxtown1-300x176.png\"}',0,'<p>We are all aware of Git, the most powerful source code versioning software. It can be used to do lot of stuff including syncing of applications. But when you are looking to sync two identical applications hosted somewhere in godaddy or inmotion hosting, Git is not much useful or you can say it becomes tedious. [&hellip;]</p>\n','project'),(9,'Dependency Injection in PHP','<p><strong>Dependency Injection</strong>&nbsp;is a software design pattern that allows avoiding hard-coding dependencies and makes possible to change the dependencies both at runtime and compile time.&nbsp;</p>\r\n\r\n<p>Every project will have lots of classes. Few classes will depend on other classes. &nbsp;For example, we have a Library class which gets the name of the books from the database. So our library class is dependent on the database class.</p>\r\n\r\n<pre>\r\n<code class=\"language-php\">&lt;?php\r\n\r\ninclude_once \'db.class.php\';\r\n\r\nclass Library {\r\n	\r\n	private $_database;\r\n	\r\n	public function __construct() {\r\n\r\n		$db  = DB::getInstance();\r\n		$this-&gt;_database = $db-&gt;database;\r\n		\r\n	}\r\n \r\n}\r\n\r\n?&gt;</code></pre>\r\n\r\n<p>In the above example, &nbsp;the library object will have full access to database which is what we want. But the way, we are providing this access is not great.</p>\r\n\r\n<p>The&nbsp;Library class&nbsp;is tightly coupled with the&nbsp;Database&nbsp;class, and while this might not look bad on this particular example. Let&rsquo;s imagine that we want to reuse the Library&nbsp;class&nbsp;elsewhere, it will fail if the database class is not included.</p>\r\n\r\n<p>Now lets look at this code.</p>\r\n\r\n<pre>\r\n<code class=\"language-php\">&lt;?php\r\n\r\nclass Library {\r\n	\r\n	private $_database;\r\n	\r\n	public function __construct($database) {\r\n\r\n		$this-&gt;_database = $database;\r\n		\r\n	}\r\n \r\n}\r\n\r\n/* And this is how we initiate */\r\n\r\n$lib = new Library($database);\r\n\r\n?&gt;</code></pre>\r\n\r\n<p>That&rsquo;s a nice way of injecting the Database class inside the Library class. &nbsp;And the Library class can now be used in any application. We just have to pass the database object to the Library class to the application. But what if the parameters are more in the constructor ?</p>\r\n\r\n<p>Like this:</p>\r\n\r\n<pre>\r\n<code class=\"language-php\">$library = new Library($database, $subscriptions, $books);</code></pre>\r\n\r\n<p>Over the time it gets&nbsp;messy. &nbsp;I don&rsquo;t like this much.</p>\r\n\r\n<p>So the next good way to take over this situation is by using the&nbsp;<strong>setter injection</strong>.</p>\r\n\r\n<pre>\r\n<code class=\"language-php\">&lt;?php\r\n\r\nclass Library {\r\n	\r\n	private $_database;\r\n	private $_books;\r\n	\r\n	public function __construct() {}\r\n	\r\n	public function set_database($database) {\r\n		\r\n		$this-&gt;_database = $database;\r\n	\r\n	}\r\n	\r\n	public function set_books($books) {\r\n		\r\n		$this-&gt;_books = $books;\r\n	\r\n	}\r\n\r\n        public function createLibrary() {\r\n		\r\n		return \"Library created from {$this-&gt;_database}\";\r\n	\r\n	}\r\n \r\n}\r\n\r\n/* And this is how we initiate */\r\n\r\n$lib = new Library();\r\n$lib-&gt;set_database($database);\r\n$lib-&gt;set_books($books);\r\n\r\n?&gt;</code></pre>\r\n\r\n<p>This is way too nice and neat. But you will soon realize that over the period of time, this will start smelling bad. If you have to use this class at 5 different places, you will have to initiate this 5 times, writing the same code. That&rsquo;s crap.</p>\r\n\r\n<p>What now ? We need something that is more robust and can control class initialization at one place. &nbsp;Lets look at the below code.</p>\r\n\r\n<pre>\r\n<code class=\"language-php\">class Container {\r\n \r\n	public static $_database;\r\n \r\n	public static function getLibrary() {\r\n \r\n		$library = new Library();\r\n		$library-&gt;set_database(self::$_database);\r\n		$library-&gt;setBooks(new Book);\r\n \r\n		return $library;\r\n	}\r\n \r\n}</code></pre>\r\n\r\n<p style=\"text-align: justify;\">We can then call this by:</p>\r\n\r\n<pre>\r\n<code class=\"language-php\">$library= Container::getLibrary();</code></pre>\r\n\r\n<p style=\"text-align: justify;\">This code is much more flexible and it has lot of benefits. Lets say you want to access books from two different database.</p>\r\n\r\n<pre>\r\n<code class=\"language-php\">Container::$_database = \"db1\";\r\n \r\n$library = Container::getLibrary();\r\n$lib1 = $library-&gt;createLibrary();\r\n\r\n\r\n$library-&gt;set_database(\"db2\");\r\n$lib2 = $library-&gt;createLibrary();</code></pre>\r\n\r\n<p style=\"text-align: justify;\">&nbsp;</p>\r\n\r\n<p style=\"text-align: justify;\">&nbsp;</p>\r\n\r\n<p>Dependency injection really is the answer to more maintainable, testable, modular code. Its very easy to do unit tests with such modular code.&nbsp;</p>\r\n\r\n<p><strong>Conclusion:</strong></p>\r\n\r\n<p>According to me, the constructor should not be overloaded with parameters. &nbsp;Its better to inject the dependencies as and when required. However few users prefer to pass everything together in the constructor for easy tracing. So this might differ from users to users. Dependency Injection greatly reduces cost in the long run and makes the code highly scalable with less effort.</p>\r\n\r\n<p style=\"text-align: justify;\">&nbsp;</p>\r\n','2014-05-07 12:43:45','Abhishek Saha',1,'/article/dependency-injection-in-php','{\"thumbnail\":\"\",\"normal\":\"\",\"resized\":\"\"}',0,'Dependency Injection is one of the key element for any big application. This post covers the essentials of dependency injection and how to apply it.','article'),(10,'Tutorial: AngularJS Fundamentals','<p>In this tutorial i will explain AngularJS Fundamentals with a user management demo&nbsp;application.</p>\r\n\r\n<p>I have been very happy with jQuery and didnt pay much attention to AngularJS, thinking it is similar to jQuery. But i was so dead wrong. &nbsp;After reading and exploring this Framework, i fell in love with it instantly. &nbsp;Without a doubt, &nbsp;</p>\r\n\r\n<p><strong>AngularJS is quickly becoming the dominant JavaScript framework for professional web development.</strong></p>\r\n\r\n<p>&nbsp;</p>\r\n\r\n<p>What is AngularJS ?</p>\r\n\r\n<p>In short its a javascript framework and follows the concept of MVC. It is used to create Single Page Applications , shortly known as SPA. It makes development and testing really a cake walk.</p>\r\n\r\n<p>How does it help&nbsp;?</p>\r\n\r\n<p>Lets say, we need to create a complete Ajax based application. So, what all would you account for ? I suppose the below points would be valid.</p>\r\n\r\n<ol>\r\n	<li>Make sure the urls change and can be parsed by bots for better SEO.</li>\r\n	<li>Your app might depend on other libraries or classes which you might want to inject only when its&nbsp;required.</li>\r\n	<li>You will want the UI to&nbsp;react (like update/insert) whenever you make some changes.</li>\r\n	<li>The navigation should be smooth and robust and other views should be able to switch in and out easily.</li>\r\n	<li>You will want to make your code more maintainable and scalable.</li>\r\n</ol>\r\n\r\n<p>AngularJS is the solution for all the above mentioned points. It takes care of everything.&nbsp;</p>\r\n\r\n<p>How do i use ?</p>\r\n\r\n<p>AngularJS has got a very comprehensive documentation&nbsp;<a href=\"https://docs.angularjs.org/api\">here</a>. &nbsp;In this post, i will help you to get started.</p>\r\n\r\n<p>I will create a user management application to insert, edit and delete users.</p>\r\n\r\n<p>Demo -&nbsp;<a href=\"http://playground.ajaxtown.com/angular-um-demo\">http://playground.ajaxtown.com/angular-um-demo</a></p>\r\n\r\n<p>&nbsp;</p>\r\n\r\n<p><strong>index.html</strong></p>\r\n\r\n<pre>\r\n<code class=\"language-html\">&lt;!DOCTYPE html&gt;\r\n&lt;html&gt;\r\n&lt;head&gt;\r\n	&lt;title&gt;User Management&lt;/title&gt;\r\n	\r\n	&lt;script src=&quot;js/angular.min.js&quot;&gt;&lt;/script&gt;\r\n	&lt;script type=&quot;text/javascript&quot; src=&quot;//ajax.googleapis.com/ajax/libs/angularjs/1.2.0rc1/angular-route.min.js&quot;&gt;&lt;/script&gt;	\r\n	&lt;script src=&quot;js/app.js&quot;&gt;&lt;/script&gt;	\r\n	&lt;script src=&quot;js/controllers.js&quot;&gt;&lt;/script&gt;\r\n	&lt;script src=&quot;js/services.js&quot;&gt;&lt;/script&gt;\r\n	\r\n&lt;/head&gt;\r\n&lt;body&gt;\r\n	&lt;div ng-app=&quot;APP&quot; ng-controller=&quot;UserController&quot;&gt;\r\n\r\n		&lt;h1&gt;			\r\n			User Management &lt;a href=&quot;#add&quot; class=&quot;btn btn-info btn-xs&quot;&gt;Add User&lt;/a&gt;\r\n		&lt;/h1&gt;\r\n		&lt;div ng-view&gt;&lt;/div&gt;\r\n\r\n	&lt;/div&gt;	\r\n&lt;/body&gt;\r\n&lt;/html&gt;</code></pre>\r\n\r\n<p>Here we have included the required js files.</p>\r\n\r\n<p>In line 16, ng-app=&rdquo;APP&rdquo; defines the scope of your application. You can place it in the &lt;html&gt; tag as well. It is used to auto bootstrap the angularjs application.</p>\r\n\r\n<p>ng-controller attaches a controller class to the view. Which means all our business logic can be written inside UserController.</p>\r\n\r\n<p>ng-view : All your views will be positioned inside this div. Based on the url, the view gets pushed in and out.</p>\r\n\r\n<p><strong>partials/users.html</strong></p>\r\n\r\n<pre>\r\n<code class=\"language-html\">&lt;div class=&quot;row&quot;&gt;\r\n  &lt;div class=&quot;col-lg-2&quot;&gt;\r\n    &lt;input type=&quot;text&quot; class=&quot;form-control&quot; placeholder=&quot;Search&quot; ng-model=&quot;q&quot;&gt;\r\n  &lt;/div&gt; \r\n&lt;/div&gt;\r\n&lt;br/&gt;\r\n&lt;table class=&quot;table table-striped table-bordered table-condensed&quot;&gt;\r\n	&lt;thead&gt;\r\n		&lt;th&gt;#&lt;/th&gt;\r\n		&lt;th&gt;First Name&lt;/th&gt;\r\n		&lt;th&gt;Last Name&lt;/th&gt;\r\n		&lt;th&gt;Email&lt;/th&gt;\r\n		&lt;th&gt;Edit&lt;/th&gt;\r\n	&lt;/thead&gt;\r\n\r\n	&lt;tbody&gt;\r\n		&lt;tr ng-repeat=&quot;user in users | filter:q&quot;&gt;\r\n			&lt;td&gt;{{$index + 1}}&lt;/td&gt;\r\n			&lt;td&gt;{{user.fname}}&lt;/td&gt;\r\n			&lt;td&gt;{{user.lname}}&lt;/td&gt;\r\n			&lt;td&gt;{{user.email}}&lt;/td&gt;\r\n			&lt;td&gt;&lt;a href=&quot;#edit/{{$index}}&quot;&gt;Edit&lt;/a&gt; | &lt;a href=&quot;#&quot; ng-click=&quot;deleteUser($index)&quot;&gt;Delete&lt;/a&gt;&lt;/td&gt;\r\n		&lt;/tr&gt;\r\n	&lt;/tbody&gt;\r\n&lt;/table&gt;</code></pre>\r\n\r\n<p>The first thing you&rsquo;ll notice in this template is the use of expressions (&ldquo;{{&ldquo; and &ldquo;}}&rdquo;) to return variable values. In AngularJS, expressions allow you to execute some computation in order to return a desired value.</p>\r\n\r\n<p><em><strong>ng-repeat</strong></em>&nbsp;directive is one of the most commonly used and serves to define your template scope when looping through collections. In the example above, it replicates a line in the table for each user&nbsp;in&nbsp;<em><strong>users</strong></em>.</p>\r\n\r\n<p><strong>&nbsp;partials/addUser.html</strong></p>\r\n\r\n<pre>\r\n<code class=\"language-html\">&lt;div class=&quot;row&quot;&gt;\r\n  &lt;div class=&quot;col-lg-2&quot;&gt;\r\n    &lt;input class=&quot;form-control&quot; type=&quot;text&quot; ng-model=&quot;user.fname&quot; placeholder=&quot;First Name&quot;&gt;\r\n  &lt;/div&gt;\r\n  &lt;div class=&quot;col-lg-2&quot;&gt;\r\n    &lt;input class=&quot;form-control&quot; type=&quot;text&quot; ng-model=&quot;user.lname&quot; placeholder=&quot;Last Name&quot;&gt;\r\n  &lt;/div&gt;\r\n  &lt;div class=&quot;col-lg-2&quot;&gt;\r\n    &lt;input class=&quot;form-control&quot; type=&quot;text&quot; ng-model=&quot;user.email&quot; placeholder=&quot;Email&quot;&gt;\r\n  &lt;/div&gt;\r\n&lt;/div&gt;\r\n&lt;br/&gt;\r\n&lt;div class=&quot;row&quot;&gt; \r\n	&lt;div class=&quot;col-lg-2&quot;&gt;\r\n		&lt;a class=&quot;btn btn-info btn-sm&quot; href=&quot;#&quot;&gt;Back&lt;/a&gt;\r\n		&lt;a ng-click=&quot;saveUser()&quot; class=&quot;btn btn-danger btn-sm&quot;&gt;Save&lt;/a&gt;\r\n	&lt;/div&gt;\r\n&lt;/div&gt;</code></pre>\r\n\r\n<p>We are now making use of the&nbsp;<em><strong><code>ng-model</code></strong></em><em><strong>&nbsp;</strong></em>directive; this directive will bind your text field to the&nbsp;<code><em><strong>$scope.user.fname</strong></em>&nbsp;</code>variable and make sure that its value is always up-to-date with the input value.&nbsp;</p>\r\n\r\n<p>So, when we want to edit a user or add a user, ng-model will be responsible to get the data for editing a user and also to update the data.</p>\r\n\r\n<p>ng-click allows us to specify a custom behavior when an element is clicked. So, on clicking this link,&nbsp;<em><strong>saveUser()</strong></em>&nbsp;gets triggered.</p>\r\n\r\n<p><strong>&nbsp;js/services.js</strong></p>\r\n\r\n<pre>\r\n<code class=\"language-javascript\">angular.module(&#39;APP.services&#39;,[]).\r\n		factory(&#39;UserService&#39;, function($http,$q){\r\n\r\n			return {\r\n				getUsers : function () {\r\n					var deferred = $q.defer();\r\n\r\n					$http.get(&#39;users.json&#39;, { data: {} }).success(function(data) {\r\n\r\n						deferred.resolve(data);\r\n					});\r\n\r\n					return deferred.promise;\r\n				}\r\n			}\r\n\r\n})</code></pre>\r\n\r\n<p><span style=\"line-height:1.6\">First we need to fetch the data from the server.&nbsp;To facilitate communication with HTTP servers, AngularJS provides the&nbsp;$http and $q service. &nbsp;When we make an asynchronous ajax call, we need to wait for the response which is then used in the view. &nbsp;So it is important to wait for the response before we push in the view. $q promises to do that.</span></p>\r\n\r\n<p><strong>js/controllers.js</strong></p>\r\n\r\n<pre>\r\n<code class=\"language-javascript\">angular.module(&#39;APP.controllers&#39;,[]).\r\n		controller(&#39;UserController&#39;, function($scope,UserService,$routeParams){\r\n			if (!$scope.users)\r\n			{\r\n				UserService.getUsers().then(function(data){\r\n					$scope.users = data;\r\n				})            \r\n			}\r\n\r\n			$scope.deleteUser = function($index) {\r\n				$scope.users.splice($index,1);	\r\n			}\r\n		}).\r\n		controller(&#39;AddUserController&#39;, function($scope,$location){\r\n						\r\n\r\n				$scope.user = {fname:&quot;&quot;,lname:&quot;&quot;}\r\n				$scope.saveUser = function() {					\r\n					$scope.users.push($scope.user)\r\n					$location.path(&quot;/&quot;)\r\n				}\r\n\r\n		}).\r\n		controller(&#39;EditUserController&#39;, function($scope,$location,$routeParams){\r\n				\r\n				$scope.user = $scope.users[$routeParams.id]\r\n				$scope.saveUser = function() {					\r\n					$scope.users[$routeParams.id] = $scope.user\r\n					$location.path(&quot;/&quot;)\r\n				}\r\n\r\n		})</code></pre>\r\n\r\n<p>Now its time to hook our controller. The&nbsp;<em><strong>UserController</strong></em>&nbsp;is passed with &nbsp;parameters &ndash; $scope, &nbsp;UserService and $routeParams.</p>\r\n\r\n<p>The&nbsp;<strong>$scope</strong>&nbsp;variable is supposed to link your controller and views. In particular, it holds all the data that will be used within your template.</p>\r\n\r\n<p>We pass&nbsp;<strong>UserService</strong>&nbsp;to receive the data from the ajax call. We create this in services.js</p>\r\n\r\n<p><strong>$routeParams</strong>&nbsp;allows you to receive the current set of URL parameters.</p>\r\n\r\n<p><strong>js/app.js</strong></p>\r\n\r\n<pre>\r\n<code class=\"language-javascript\">angular.module(&quot;APP&quot;,[&#39;ngRoute&#39;,&#39;APP.controllers&#39;,&#39;APP.services&#39;]).\r\n	config(function($routeProvider){\r\n\r\n		$routeProvider.\r\n		when(&#39;/&#39;, {\r\n			templateUrl: &#39;partials/users.html&#39;,\r\n			controller : &#39;UserController&#39;\r\n		}).\r\n		when(&#39;/add&#39;, {\r\n			templateUrl: &#39;partials/addUser.html&#39;,\r\n			controller : &#39;AddUserController&#39;\r\n		}).\r\n		when(&#39;/edit/:id&#39;, {\r\n			templateUrl: &#39;partials/addUser.html&#39;,\r\n			controller : &#39;EditUserController&#39;\r\n		}).\r\n		otherwise({\r\n			redirectTo: &quot;/&quot;\r\n		});\r\n\r\n	})</code></pre>\r\n\r\n<p><strong>app.js</strong>&nbsp;hooks up everything together. We pass our controllers and services in this.</p>\r\n\r\n<p>ngRoute is a dependency lib to get information about the url parameters. &nbsp;This is required by $routeProvider to work.</p>\r\n\r\n<p>The&nbsp;<strong>$routeProvider</strong>&nbsp;is responsible to get the appropriate view inside the ng-view directive, defined in index.html</p>\r\n\r\n<p>If the url is something like http://localhost/angulardemo/#/add, then it will push the<em><strong>addUser.html</strong>&nbsp;</em>view and link it with the controller&nbsp;<em><strong>AddUserController</strong></em>.</p>\r\n\r\n<p><strong><a href=\"http://ajaxtown.com/playground/angularjs/demo1/demo.zip\" target=\"_blank\">You can download the source code here.</a></strong></p>\r\n\r\n<p><strong>Conclusion:</strong></p>\r\n\r\n<p>It is little difficult to explain each and every line but with little bit of javascript knowledge, few of the stuff can be figured out. In the demo, i have used twitter bootstrap to make the UI look nice.</p>\r\n\r\n<p>Finally, remember that AngularJS is really powerful in what it does and we have barely touched the surface of it.</p>\r\n\r\n<p>If you have any queries in following up with this post, comment !</p>\r\n\r\n<p>&nbsp;</p>\r\n','2014-05-04 09:22:59','Abhishek Saha',1,'/article/tutorial-angularjs-fundamentals','{\"thumbnail\":\"\",\"normal\":\"\",\"resized\":\"\"}',0,'A short guide on getting started with AngularJS. This post teaches on how to create a basic table with filter functionality and adding records dynamically.\r\n','article'),(11,'Facebook Type Link Preview','<p>&nbsp;</p>\r\n\r\n<p>In facebook, you might have noticed that when you paste an URL in the Post Compose&nbsp;box, it automatically retrieves some information from the content of the link.</p>\r\n\r\n<p>This is a tutorial to create a Link Preview similar to Facebook. Before that, watch the&nbsp;<a href=\"http://playground.ajaxtown.com/link_preview\" target=\"_blank\">Demo Here</a>.</p>\r\n\r\n<h3>How&nbsp;Link Preview&nbsp;works ?</h3>\r\n\r\n<p>There is an event listener attached with the input box. The moment an URL is entered, this event listener &nbsp;triggers and sends the URL to the server.</p>\r\n\r\n<p>Now the server gets the url and uses meta extraction logics to fetch the meta tags. &nbsp;This information is then passed on back to the client. This cannot be achieved only with the help of javascript because of Cross-Origin problems.</p>\r\n\r\n<h3>How to implement ?</h3>\r\n\r\n<p>This can be implemented in 2 ways. &nbsp;One way is to use the free service which Ajaxtown is providing, &nbsp;And the other way is to download all the files and host them in your server.</p>\r\n\r\n<p>Create a file on your server by the name&nbsp;<strong>index.html&nbsp;</strong>and paste the below code. &nbsp;Explanation of the code is written after the code block.</p>\r\n\r\n<pre>\r\n<code class=\"language-html\">&lt;html&gt;\r\n&lt;head&gt;\r\n	&lt;title&gt;&lt;/title&gt;\r\n	&lt;script src=&quot;jquery-1.11.0.min.js&quot; type=&quot;text/javascript&quot;&gt;&lt;/script&gt;\r\n	&lt;script src=&quot;jquery.linkpreview.js&quot; type=&quot;text/javascript&quot;&gt;&lt;/script&gt;\r\n	&lt;script type=&quot;text/javascript&quot;&gt;\r\n		\r\n		$(document).ready(function() {\r\n\r\n			$(&quot;#url&quot;).linkpreview({\r\n				image_no: 1,\r\n				outputDiv: $(&quot;#html&quot;),\r\n				loaderDiv: $(&quot;#loader&quot;),\r\n				loaderImg: &#39;indicator_snake.gif&#39;,\r\n				css: true\r\n				//processor: &#39;http://localhost/link_preview/class.linkpreview.php&#39;\r\n			});\r\n\r\n		})\r\n\r\n	&lt;/script&gt;\r\n\r\n	&lt;style type=&quot;text/css&quot;&gt;\r\n\r\n		\r\n		#url {\r\n		    border: 1px solid #CCCCCC;\r\n		    border-radius: 5px;\r\n		    color: #696969;\r\n		    left: 50%;\r\n		    margin-left: -200px;\r\n		    padding: 10px;\r\n		    position: relative;\r\n		    width: 400px;\r\n		}\r\n\r\n		\r\n		#html {\r\n		    left: 50%;\r\n		    margin-left: -250px;\r\n		    position: absolute;\r\n		    top: 100px;\r\n		}\r\n\r\n		body {\r\n			background: #EDEDED;\r\n		}\r\n\r\n		#loader{\r\n			display: block;\r\n		    margin-left: 49%;\r\n		    margin-top: 18px;\r\n		}\r\n\r\n		\r\n	&lt;/style&gt;\r\n\r\n\r\n&lt;/head&gt;\r\n&lt;body&gt;\r\n	&lt;input type=&quot;text&quot; id=&quot;url&quot; placeholder=&quot;Enter an URL to preview&quot;&gt;\r\n	&lt;span id=&quot;loader&quot;&gt;&lt;/span&gt;\r\n	&lt;div id=&quot;html&quot;&gt;&lt;/div&gt;\r\n&lt;/body&gt;\r\n&lt;/html&gt;</code></pre>\r\n\r\n<p style=\"text-align: justify;\">Lets see what we have done. First we have added two js libraries, jquery and link_preview.</p>\r\n\r\n<pre>\r\n<code class=\"language-html\">&lt;script src=&quot;jquery-1.11.0.min.js&quot; type=&quot;text/javascript&quot;&gt;&lt;/script&gt;\r\n&lt;script src=&quot;jquery.linkpreview.js&quot; type=&quot;text/javascript&quot;&gt;&lt;/script&gt;</code></pre>\r\n\r\n<p style=\"text-align: justify;\">Next we, initialize the Link_preview plugin.</p>\r\n\r\n<pre>\r\n<code class=\"language-javascript\">$(document).ready(function() {\r\n\r\n	$(&quot;#url&quot;).linkpreview({\r\n\r\n		//specify the div id where the preview will be displayed\r\n		outputDiv: $(&quot;#html&quot;),\r\n\r\n		//specify the div id or class where the loader will display\r\n		loaderDiv: $(&quot;#loader&quot;),\r\n\r\n		//image that you want to use as a loader\r\n		loaderImg: &#39;indicator_snake.gif&#39;,\r\n\r\n		// if you want to apply the css along with the html markup\r\n		css: true\r\n\r\n		//this wont be required as you are using Ajaxtown&#39;s service\r\n		//processor: &#39;http://localhost/class.linkpreview.php&#39;\r\n	});			\r\n\r\n})</code></pre>\r\n\r\n<p>The above snippet is quite explanatory except the commented&nbsp;<em><strong>processor</strong></em><strong>&nbsp;</strong>part. If you are using Ajaxtown&rsquo;s free service, you can comment it out. If you want to host this file in your server, uncomment this line and mention the url.</p>\r\n\r\n<p>If you decide to write your own css, then below is the Link Preview HTML Markup.</p>\r\n\r\n<pre>\r\n<code class=\"language-html\">&lt;div id=&quot;preview&quot;&gt;\r\n\r\n		&lt;div class=&quot;left&quot; id=&quot;thumbnail&quot;&gt;\r\n			&lt;img width=&quot;100&quot; data-src = &quot;&quot; src=&quot;&quot;&gt;	\r\n		&lt;/div&gt;		\r\n\r\n		&lt;div class=&quot;left&quot; id=&quot;content&quot;&gt;\r\n\r\n			&lt;span class=&quot;title&quot;&gt;&lt;/span&gt;\r\n			&lt;span class=&quot;description&quot;&gt;&lt;/span&gt;\r\n			&lt;span class=&quot;url&quot;&gt;&lt;a href=&quot;&quot;&gt;&lt;/a&gt;&lt;/span&gt;\r\n\r\n		&lt;/div&gt;\r\n		\r\n		&lt;div id=&quot;toolbar&quot; class=&quot;clearfix&quot;&gt;&lt;button id=&quot;changeimg&quot;&gt;&gt;&lt;/button&gt;&lt;/div&gt;\r\n&lt;/div&gt;</code></pre>\r\n\r\n<p style=\"text-align: justify;\">Next we add the html markup of the input box.</p>\r\n\r\n<pre>\r\n<code class=\"language-html\">&lt;body&gt;\r\n    &lt;input type=&quot;text&quot; id=&quot;url&quot; placeholder=&quot;Enter an URL to preview&quot;&gt;\r\n	&lt;span id=&quot;loader&quot;&gt;&lt;/span&gt;\r\n	&lt;div id=&quot;html&quot;&gt;&lt;/div&gt;\r\n&lt;/body&gt;</code></pre>\r\n\r\n<p>I have added some css, to make the above markup a bit more beautiful. You can use your own css.</p>\r\n\r\n<p>Done !</p>\r\n\r\n<p style=\"text-align: justify;\">&nbsp;</p>\r\n','2014-04-22 07:48:52','Abhishek Saha',1,'/article/facebook-type-link-preview','{\"thumbnail\":\"\",\"normal\":\"\",\"resized\":\"\"}',0,'This post covers on how to create a link preview like Facebook and Twitter. Its a nice way of display some information about the link and can be integrated easily.','article'),(12,'Script Injector','<p>Script Injector is a chrome extension plugin that can be used to inject css and javascripts right into the &lt;<strong>head&gt; tag </strong>of any webpage. This has been developed only for developers to test logics from the console of Chrome Browser.</p>\r\n\r\n<p>The usage is fairly easy.</p>\r\n\r\n<p>After installing the extension, go to options.</p>\r\n\r\n<p><img alt=\"script injector\" src=\"/public/uploads/posts/scriptinjector-options1.png\" style=\"height:100%; width:100%\" /></p>\r\n\r\n<p>Click Add and enter the name and url of the library you want to inject. You can add upto 20 libraries. Click Save once you are done.</p>\r\n\r\n<p>Now visit any site, say google. You will notice that google does not use jquery in this front page.</p>\r\n\r\n<p><a href=\"http://www.ajaxtown.com/beta/wp-content/uploads/2014/04/scriptinjector-inject1.png\"><img alt=\"script injector\" src=\"/public/uploads/posts/scriptinjector-inject1.png\" style=\"height:100%; width:100%\" /></a></p>\r\n\r\n<p>Click Inject and boom ! jQuery gets injected in the DOM. Now from the console you can do some experiments with google html markup.</p>\r\n\r\n<p>This can be downloaded from Chrome Web Store.</p>\r\n','2014-04-17 05:20:35','Abhishek Saha',1,'/project/script-injector','{\"thumbnail\":\"\",\"normal\":\"\",\"resized\":\"\"}',0,'Script Injector is a chrome extension plugin that can be used to inject css and javascripts right into the <head> tag of any webpage.\r\n','project'),(13,'jQuery Animated Sticky Header','<p>You might have noticed many websites prefer to keep the headers of their website visible while scrolling, so that the navigation menu is always accessible. This can be achieved by making the position of the header, fixed. But this doesn&rsquo;t look elegant and trendy.</p>\r\n\r\n<p>jQuery Animated Sticky Header solves this problem with ease. It also adds animation to give a nice effect when you scroll, maintaining the rich effect of your website.</p>\r\n\r\n<p>How to use Sticky Header ?</p>\r\n\r\n<pre>\r\n<code class=\"language-javascript\">&lt;script language=&quot;javascript&quot;&gt;\r\n		\r\n	$(document).ready(function() {\r\n		\r\n		$(&quot;#header&quot;).stickyhead({\r\n			parentContainer: $(&quot;#container&quot;),\r\n			speed: 600,\r\n			easing: &quot;easeOutElastic&quot;				\r\n		});\r\n	\r\n	});\r\n	\r\n&lt;/script&gt;</code></pre>\r\n\r\n<p style=\"text-align: justify;\"><strong>Project:</strong>&nbsp;<a href=\"https://github.com/ajaxtown/stickyheader\" target=\"_blank\">https://github.com/ajaxtown/stickyheader</a></p>\r\n\r\n<p style=\"text-align: justify;\"><strong>Demo:</strong>&nbsp;<a href=\"https://github.com/ajaxtown/stickyheader\" target=\"_blank\">http://ajaxtown.github.io/stickyheader/dist/</a></p>\r\n','2014-04-15 05:01:31','Abhishek Saha',1,'/project/jquery-animated-sticky-header','{\"thumbnail\":\"\",\"normal\":\"\",\"resized\":\"\"}',0,'A sticky header plugin written in jQuery','project'),(14,'Amun WP Theme','<p><img alt=\"\" src=\"/public/uploads/posts/Amun_Mobile_Perspective_1200x8001.png\" style=\"height:267px; width:100%\" /></p>\r\n\r\n<p>&nbsp;</p>\r\n\r\n<p>Amun is a clean, powerfull &amp; multipurpose wordpress theme that can be used to build professional and modern websites. You can set your colors, change fonts, backgrounds &amp; the layouts in different pages. Also it comes with 3 default homepage, 3 blog layouts, 3 portfolio layouts, 9 ready-make skins that you can combine and much more.</p>\r\n\r\n<p>Demo:&nbsp;<a href=\"http://playground.ajaxtown.com/amun\">http://playground.ajaxtown.com/amun</a></p>\r\n\r\n<p><img alt=\"\" src=\"/public/uploads/posts/Amun.png\" style=\"width:100%\" /></p>\r\n\r\n<p>Paid special attention to social elements so you can beautifully introduce your team or company with great detail. Try the demo website and see it for yourself.</p>\r\n\r\n<p>&nbsp;</p>\r\n','2014-02-26 05:17:36','Abhishek Saha',1,'/project/amun-wp-theme','{\"thumbnail\":\"\",\"normal\":\"\",\"resized\":\"\"}',0,'Amun is a clean, powerfull & multipurpose wordpress theme that can be used to build professional and modern websites. ','project'),(15,'Themeforest vs Mojo Themes','<p>I thought of writing the post &ldquo;Themeforest vs MojoThemes&rdquo;&nbsp;&nbsp;for designers and serious programmers. I have been coding since 7 years and find this field highly addictive.</p>\r\n\r\n<p>Earlier I used to edit free themes to match the requirement. That would save my time and effort. But if you are seriously looking out to make money from theme development, editing theme just won&rsquo;t help. You really need to know in and out of WordPress.</p>\r\n\r\n<p>Themeforest is a great marketplace to sell your themes. But getting your theme accepted here is really a pain. &nbsp;But if you succeed, you will realize the value of your efforts. I have seen users creating amazing designs but they were rejected forever. My theme Uranium was rejected 9 times which made me hate the reviewers of themeforest. &nbsp;Themeforest community is great and really helpful. There suggestions really helps to uplift the design of your theme to new levels. But even then, it ultimately depends on the reviewers to accept it. I had to leave themeforest unwillingly due to this.</p>\r\n\r\n<p>Later I submitted my theme to Mojo with least expectation. I was little worried about the sales. &nbsp;But to my surprise, my theme was very well accepted and it did very well with sales. I found the reviewers very humble and nice.</p>\r\n\r\n<p>I must say, that the rejections i had in themeforest were worth. If you can manage to learn something from rejections, you will surely succeed. &nbsp;My theme wouldn&rsquo;t have come in the most popular category without those rejections.</p>\r\n\r\n<p>There are tons of tutorials to learn theme development. I found the wordpress documentation very helpful. You can do a google search and find out more. Also, there are youtube tutorials available to help you get started. But seriously there are no shortcuts. Shortcuts are for professionals and really not for beginners.</p>\r\n\r\n<p>Happy Coding !</p>\r\n\r\n<p>&nbsp;</p>\r\n','2014-02-15 10:04:40','Abhishek Saha',1,'/article/themeforest-vs-mojo-themes','{\"thumbnail\":\"\",\"normal\":\"\",\"resized\":\"\"}',0,'Themeforest and Mojo Themes are the top leaders for selling the work of designers and developers. This post covers various challenges of getting an item selected by them.','article'),(16,'StreamBeats','<p>StreamBeats is a free software used to update your Twitter Profile and/or Facebook Wall or Website from your Winamp&rsquo;s or iTunes currently playing track automatically.</p>\r\n\r\n<pre>\r\n<code class=\"language-html\">Version History:\r\n\r\nVersion 4.0 (10-10-2013)\r\nA completely new user interface with metro style\r\nAdded lyrics feature\r\nAdded iTunes support\r\nAdded Facebook support\r\nNew notification interface\r\n\r\nVersion 3.1 (10-09-2013)\r\nBug while tweeting radio stations. Note: Tracks playing through Radio stations do not have ID3 tags. So only the title will be tweeted.\r\n\r\nVersion 3.0 (04-09-2013)\r\nNew Interface. Tweet Counter enhancement. Changed Twitter API. Added Remote Control. Redeveloped auto-update feature.\r\n\r\nVersion 2.1 (04-05-2012)\r\nBug in Artist Tag fixed (missing alphabets). A .NET Framework error was triggered due to no internet connectivity. Fixed.\r\n\r\nVersion 2.0 (01-05-2012)\r\nFixed Minor Bugs. Added auto-update feature. Added Artist, Trackname and Tracklength tags in XML.\r\n\r\nVersion 1.0 (28-04-2012)\r\nContains basic controls for winamp. Custom Notifications like Tweet Delivery, Track change and Error Notifications. Auto Generated XML to use in your Website.</code></pre>\r\n\r\n<p>&nbsp;</p>\r\n','2014-01-28 05:11:52','Abhishek Saha',1,'/project/streambeats','{\"thumbnail\":\"\",\"normal\":\"\",\"resized\":\"\"}',0,'StreamBeats is a free software used to update your Twitter Profile and/or Facebook Wall or Website from your Winamps or iTunes currently playing track automatically.','project'),(17,'Uranium Wordpress Theme','<p><img alt=\"\" src=\"/public/uploads/posts/uranium-preview.png\" style=\"height:100%; width:100%\" /></p>\r\n\r\n<p>&nbsp;</p>\r\n\r\n<p>Uranium WordPress Theme is a clean, powerfull &amp; multipurpose wordpress theme that can be used to build professional and modern websites. You can set your colors, change fonts, backgrounds &amp; the layouts in different pages.</p>\r\n\r\n<p>Also it comes with 3 default homepage, 3 blog layouts, 3 portfolio layouts, 3 ready-make skins that you can combine and much more.</p>\r\n\r\n<p>Demo -&nbsp;<a href=\"http://playground.ajaxtown.com/uranium\">playground.ajaxtown.com/uranium</a></p>\r\n\r\n<p><img alt=\"\" src=\"/public/uploads/posts/uranium2.png\" style=\"height:100%; width:100%\" /></p>\r\n','2014-01-27 05:30:31','Abhishek Saha',1,'/project/uranium-wordpress-theme','{\"thumbnail\":\"\",\"normal\":\"\",\"resized\":\"\"}',0,'Uranium WordPress Theme is a clean, powerful & multipurpose wordpress theme that can be used to build professional and modern websites.','project'),(18,'Twitter Peep','<p>Twitter Peep is a wordpress widget used to display feeds in a nice and elegant way. It can properly handles twitter feeds, including parsing @username, #hashtag, and URLs into links.</p>\r\n\r\n<p>It supports displaying profiles images, and even lets you control whether to display the time and date of a tweet or how log ago it happened (about 5 hours ago, etc). It also has a powerful caching mechanism to cache tweets resulting into fast loading.</p>\r\n\r\n<p>Demo -&nbsp;<a href=\"http://playground.ajaxtown.com/wordpress/\">http://playground.ajaxtown.com/wordpress/</a></p>\r\n\r\n<p>Twitter Peep has a complete documentation which can be found <a href=\"http://playground.ajaxtown.com/twitterpeep_documentation/\" target=\"_blank\">here</a>.</p>\r\n','2014-01-27 05:28:09','Abhishek Saha',1,'/project/twitter-peep','{\"thumbnail\":\"\",\"normal\":\"\",\"resized\":\"\"}',0,'Twitter Peep is a wordpress widget used to display feeds in a nice and elegant way. It can properly handles twitter feeds, including parsing @username, #hashtag, and URLs into links.','project'),(19,'test','<p>sfasdfasd</p>\r\n','2015-09-16 10:23:05','asdfadf',2,'/article/test','{\"thumbnail\":\"\",\"normal\":\"\",\"resized\":\"\"}',0,'asdfads','article'),(20,'About Me','<p>Abhishek Saha is a PHP &amp; Javascript Programmer who learned designing skills on the way. &nbsp;He is fond of creating new applications which has a lot of OOPS in it.</p>\r\n\r\n<p>The below timeline describes him well.</p>\r\n\r\n<p>1985 &ndash; He was born. The family was happy.</p>\r\n\r\n<p>1986 &ndash; Learned to crawl. B&amp;W TV entered home.</p>\r\n\r\n<p>1987 &ndash; Was &nbsp;a pain to the family. Really ! But he was always fond of his Dad.</p>\r\n\r\n<p>1988 &ndash;&nbsp;Hit his brother&rsquo;s arm with a hammer because he didn&rsquo;t like to be teased .</p>\r\n\r\n<p>1989 &ndash; Woke his Dad up in the midnight to make him sleep in his lap. He was also admitted to St. Xavier&rsquo;s School for Jr. KG</p>\r\n\r\n<p>1990 &ndash; Got promoted to Sr. KG. Hated his Principle. He was told that the principle has a TV where he can see him 24&times;7.</p>\r\n\r\n<p>1991 &ndash; Relocated to Gujarat Township. Now he was in 1st Standard. Got Red Belt. &nbsp;First color TV, Onida entered home.</p>\r\n\r\n<p>1992 &ndash; A swing hit him behind his left &nbsp;ear. 3 stitches.</p>\r\n\r\n<p>1993 &ndash; Got chased by street dogs. Ran for 1 km until helped arrived. Got first prize in painting competition.</p>\r\n\r\n<p>1994 &ndash; Started playing TT with his Dad outside the house. &nbsp;Got his first bicycle &ndash; Hero Ranger, which was heavier than him. This was the only gift that was not passed on from his brother.</p>\r\n\r\n<p>1995 &ndash; Moved out from township. Started playing cricket in the basement. &nbsp;Made tea for the first time.</p>\r\n\r\n<p>1996 &ndash; Mom got admitted to hospital for appendix operation. He cooked and took care of the family all by himself.</p>\r\n\r\n<p>1997 &ndash; Fought with his brother because the table lamp light disturbed his sleep.&nbsp;Parents woke up to the thunderous sound of punches and kicks. Brother sold an adapter to him for 100 bucks. He arranged money from the piggy bank which his Mother used to maintain.&nbsp;He made a remote control car &ldquo;BIG ENOUGH FOR A LAB MOUSE&rdquo; for a school exhibition and bagged the first prize.</p>\r\n\r\n<p>1998 &ndash; His brother moved out to pursue engineering in REC Trichy. He was happy. He got the whole room. All his belongings were passed on to him. He made a working lift for school exhibition and again got first prize.</p>\r\n\r\n<p>1999 &ndash; Got first prize for handwriting competition and second prize for high jump. First computer with internet entered home. It was IBM &ndash; Pentium 3. Created visualizations for winamp. Saw porn images for the first time. Brother introduced him to HTML and Linux.&nbsp;Made a gallery for neighbor aunties daughter and impressed all. Brother created his first email id on Yahoo.&nbsp;Shocked his Dad by raising the telephone bill to 5200.</p>\r\n\r\n<p>2000 &ndash; &nbsp;Made his first website in geocities. Downloaded and kept hacking apps and tutorials in it. He even hacked his classmates passwords in the most foolish way. Experienced earthquake. Stole telephone line from downshop and got caught. Got first tight slap from Dad. &nbsp;Mom gifted walkman &ndash; sony. &nbsp;Played Age of Empires.</p>\r\n\r\n<p>2001 &ndash; Started learning flash and made an intro video. Mother removed keyboard and mouse and locked them in cupboard. But he knew the key location and hooked them up in her absence.&nbsp;&nbsp;Started learning C. &nbsp;First crush started and ended in 6 months.</p>\r\n\r\n<p>2002 &nbsp;&ndash; &nbsp;Started learning C. &nbsp;Did lot of maths and physics. Passed Biology by int 3. &nbsp;First online crush with US Female. Copied pasted first love letter in email.</p>\r\n\r\n<p>2003 &ndash; Entered college. Played lot of radio. &nbsp;Got pocket money, 2k pm. First time drank beer and later vodka.</p>\r\n\r\n<p>2004 &nbsp;&ndash; First time smoked cigarette.&nbsp;Wrote his first VB program. Interfaced remote control car with keyboard.</p>\r\n\r\n<p>2005 &ndash; Got brothers discarded computer.&nbsp;Bought lan cable and played AOE in hostel 1v1. Later pulled many friends to play 5v5 . Smoked first joint and got the most horrible trip.</p>\r\n\r\n<p>2006 &ndash; Configured PHP, Mysql, Apache together for the first time. Started learning PHP and queries in mysql. Made lot of useless applications. &nbsp;Even Hello World seemed to be so awesome.</p>\r\n\r\n<p>2007 &ndash; Got placed in Capgemini as Associate Consultant. Learned more and more of PHP. &nbsp;Got Credit card before first salary. Spent 20k and upgraded Computer.</p>\r\n\r\n<p>2008 &ndash; Registered adsense with Google to make online money. Created a bot to click links at frequent intervals. Earned nicely for 4 days. Got caught. Account dismissed. &nbsp;Lost money. Got Signature Whiskey home and drank with Dad for first second time.</p>\r\n\r\n<p>2009 &ndash; Brother shared his hosting account. Booked his first domain, ajaxtown.com. Started playing Warcraft &ndash; Dota. &nbsp;Favorite hero Rastha. Integrated PHP with SAP. Created demo app for Indian Air Force &amp; won the project for Capgemini. Credit Card debt touched a peak of 1.5 Lacs.</p>\r\n\r\n<p>2010 &ndash; Switched to IBM. Went to Calcutta for KT for 2 months. Worked from home for 7 months. Create Ajax Framework and won first prize in IBM Tech Show. Bought Laptop &ndash; Sony Vaio (VPCEB36FG) with Provident Fund money.</p>\r\n\r\n<p>2011 &ndash; Left IBM. Fractured his leg. Joined EVRY. Went Norway &ndash; Oslo. Saw terrorist attack. Created first Chrome plugin &ndash; Paper Toss for Google+. Came back.</p>\r\n\r\n<p>2012 &ndash; Created Town of Pixels, an application for designers and photographers. It died in short time. Then built EagleHorn &ndash; A PHP MVC Framework. This is still alive. &nbsp;Signed up a project with Joseph Cairns &ndash; squashchampions.com and build it for over a year. Bought Washing Machine.</p>\r\n\r\n<p>2013 &ndash; &nbsp;Cleared all credit card bills. Created Uranium &ndash; A wordpress theme for over 3 months which got 9 rejections from Themeforest.</p>\r\n\r\n<p>2014 &ndash; Themes get approved. Joined Cognizant. Redeveloped squashchampions.com. &nbsp;Wasted 3 days in writing a About Me page.</p>\r\n\r\n<p>2015 &ndash; Released&nbsp;Eaglehorn PHP MVC Framework 2.0. Joined Rocket Internet and relocated to Berlin.</p>\r\n','2015-09-19 09:12:53','Abhishek Saha',1,'/about-me','{\"thumbnail\":\"\",\"normal\":\"\",\"resized\":\"\"}',0,'Description','page'),(21,'aaa','<p>aaa</p>\r\n','2016-04-26 10:22:55','Aaa',1,'/article/aaa','{\"thumbnail\":\"public/uploads/thumbs/1461702702445_AJ_FB_1200x627.png\",\"normal\":\"public/uploads/resized/1461702702445_AJ_FB_1200x627.png\",\"resized\":\"public/uploads/fullsize/1461702702445_AJ_FB_1200x627.png\"}',0,'aaaa','article');
/*!40000 ALTER TABLE `posts` ENABLE KEYS */;
UNLOCK TABLES;

--
-- Table structure for table `tags`
--

DROP TABLE IF EXISTS `tags`;
/*!40101 SET @saved_cs_client     = @@character_set_client */;
/*!40101 SET character_set_client = utf8 */;
CREATE TABLE `tags` (
  `id` int(11) unsigned NOT NULL AUTO_INCREMENT,
  `post_id` int(11) DEFAULT NULL,
  `tag` varchar(50) DEFAULT NULL,
  PRIMARY KEY (`id`)
) ENGINE=InnoDB AUTO_INCREMENT=278 DEFAULT CHARSET=latin1;
/*!40101 SET character_set_client = @saved_cs_client */;

--
-- Dumping data for table `tags`
--

LOCK TABLES `tags` WRITE;
/*!40000 ALTER TABLE `tags` DISABLE KEYS */;
INSERT INTO `tags` VALUES (41,15,'mojo-themes'),(42,15,'mojomarketplace'),(43,15,'themeforest'),(58,9,'class'),(59,9,'dependency'),(60,9,'dependency injection'),(61,9,'php'),(62,6,'featured'),(67,3,'goals'),(86,1,'cliptales'),(87,1,'cliptales.com'),(88,1,'instagram'),(89,1,'social'),(90,1,'sync'),(91,1,'theme'),(92,1,'wordpress'),(97,19,'asdfadsf'),(176,16,'streambeats'),(177,16,'twitter'),(178,16,'winamp'),(179,16,'itunes'),(180,16,'windows'),(194,12,'chrome-extension'),(195,12,'plugin'),(196,12,'development'),(197,12,'chrome'),(198,12,'browser'),(202,11,'facebook-style'),(203,11,'jquery'),(204,11,'link-preview'),(205,11,'php'),(206,11,'plugin'),(207,14,'wordpress'),(208,14,'themes'),(209,14,'php'),(210,14,'jquery'),(211,14,'design'),(212,17,'wordpress'),(213,17,'theme'),(214,17,'uranium'),(215,17,'responsive'),(216,17,'design'),(217,17,'development'),(218,17,'php'),(219,10,'angularjs'),(220,10,'google'),(221,10,'javascript'),(222,10,'mvc'),(234,7,'wordpress'),(235,7,'plugin'),(236,7,'link-preview'),(237,7,'php'),(238,7,'jquery'),(242,13,'jquery'),(243,13,'plugin'),(244,13,'development'),(245,18,'twitter'),(246,18,'wordpress'),(247,18,'plugin'),(248,18,'jquery'),(249,18,'social'),(250,18,'tweets'),(251,5,'eaglehorn'),(252,5,'framework'),(253,20,'about-me'),(254,20,'myself'),(255,20,'timeline'),(256,20,'events'),(257,20,'progress'),(258,4,'adsense'),(259,4,'google'),(270,2,'conditions'),(271,2,'if-else'),(272,2,'mysql'),(273,2,'query'),(274,2,'select'),(277,21,'aaa');
/*!40000 ALTER TABLE `tags` ENABLE KEYS */;
UNLOCK TABLES;
/*!40103 SET TIME_ZONE=@OLD_TIME_ZONE */;

/*!40101 SET SQL_MODE=@OLD_SQL_MODE */;
/*!40014 SET FOREIGN_KEY_CHECKS=@OLD_FOREIGN_KEY_CHECKS */;
/*!40014 SET UNIQUE_CHECKS=@OLD_UNIQUE_CHECKS */;
/*!40101 SET CHARACTER_SET_CLIENT=@OLD_CHARACTER_SET_CLIENT */;
/*!40101 SET CHARACTER_SET_RESULTS=@OLD_CHARACTER_SET_RESULTS */;
/*!40101 SET COLLATION_CONNECTION=@OLD_COLLATION_CONNECTION */;
/*!40111 SET SQL_NOTES=@OLD_SQL_NOTES */;

-- Dump completed on 2017-03-26 13:23:10
